supplier,supplier_id,supplier_sku,master_product_id,variant_id,product_name,components,dosage_form,presentation,strength,strength_unit,fill_volume,pack_size,route,goal_category,supplier_currency,supplier_price,exchange_rate_eur_usd,exchange_rate_date,supplier_price_usd,mediluxe_master_currency,mediluxe_master_price,is_reference_price,active,source_page,notes
NP LABS,supplier-np-labs,,mp-sermorelin-5mg-vial,np-labs-sermorelin-5mg-vial-vial,Sermorelin 5mg vial,Sermorelin,lyophilized_powder,vial,5.0,mg,,,injectable,GH Secretagogues,EUR,50.00,1.1530,2026-08-03,57.65,USD,57.65,FALSE,TRUE,1,
NP LABS,supplier-np-labs,,mp-ipamorelin-5mg-vial,np-labs-ipamorelin-5mg-vial-vial,Ipamorelin 5mg vial,Ipamorelin,lyophilized_powder,vial,5.0,mg,,,injectable,GH Secretagogues,EUR,45.00,1.1530,2026-08-03,51.88,USD,51.88,FALSE,TRUE,1,
NP LABS,supplier-np-labs,,mp-ipamorelin-10mg-vial,np-labs-ipamorelin-10mg-vial-vial,Ipamorelin 10mg vial,Ipamorelin,lyophilized_powder,vial,10.0,mg,,,injectable,GH Secretagogues,EUR,75.00,1.1530,2026-08-03,86.48,USD,86.48,FALSE,TRUE,1,
NP LABS,supplier-np-labs,,mp-ghrp-6-5mg-vial,np-labs-ghrp-6-5mg-vial-vial,GHRP-6 5mg vial,GHRP-6,lyophilized_powder,vial,5.0,mg,,,injectable,GH Secretagogues,EUR,50.00,1.1530,2026-08-03,57.65,USD,57.65,FALSE,TRUE,1,
NP LABS,supplier-np-labs,,mp-cjc-1295-dac-5mg-vial,np-labs-cjc-1295-dac-5mg-vial-vial,CJC-1295 DAC 5mg vial,CJC-1295 DAC,lyophilized_powder,vial,5.0,mg,,,injectable,GH Secretagogues,EUR,80.00,1.1530,2026-08-03,92.24,USD,92.24,FALSE,TRUE,1,
NP LABS,supplier-np-labs,,mp-cjc-1295-dac-10mg-vial,np-labs-cjc-1295-dac-10mg-vial-vial,CJC-1295 DAC 10mg vial,CJC-1295 DAC,lyophilized_powder,vial,10.0,mg,,,injectable,GH Secretagogues,EUR,120.00,1.1530,2026-08-03,138.36,USD,138.36,FALSE,TRUE,1,
NP LABS,supplier-np-labs,,mp-cjc-1295-no-dac-10mg-vial,np-labs-cjc-1295-no-dac-10mg-vial-vial,CJC-1295 No DAC 10mg vial,CJC-1295 No DAC,lyophilized_powder,vial,10.0,mg,,,injectable,GH Secretagogues,EUR,80.00,1.1530,2026-08-03,92.24,USD,92.24,FALSE,TRUE,1,
NP LABS,supplier-np-labs,,mp-cjc-1295-no-dac-5mg-plus-ipamorelin-5mg-vial,np-labs-cjc-1295-no-dac-5mg-plus-ipamorelin-5mg-vial-vial,CJC-1295 No DAC 5mg + Ipamorelin 5mg vial,CJC-1295 No DAC + Ipamorelin,lyophilized_powder,vial,5.0 + 5.0,mg + mg,,,injectable,GH Secretagogues,EUR,100.00,1.1530,2026-08-03,115.30,USD,115.30,FALSE,TRUE,1,
NP LABS,supplier-np-labs,,mp-cjc-1295-no-dac-5mg-plus-ipamorelin-5mg-plus-bpc-157-15mg-vial,np-labs-cjc-1295-no-dac-5mg-plus-ipamorelin-5mg-plus-bpc-157-15mg-vial-vial,CJC-1295 No DAC 5mg + Ipamorelin 5mg + BPC-157 15mg vial,CJC-1295 No DAC + Ipamorelin + BPC-157,lyophilized_powder,vial,5.0 + 5.0 + 15.0,mg + mg + mg,,,injectable,GH Secretagogues,EUR,150.00,1.1530,2026-08-03,172.95,USD,172.95,FALSE,TRUE,1,
NP LABS,supplier-np-labs,,mp-cjc-1295-no-dac-2mg-plus-ipamorelin-2mg-plus-bpc-157-5mg-vial,np-labs-cjc-1295-no-dac-2mg-plus-ipamorelin-2mg-plus-bpc-157-5mg-vial-vial,CJC-1295 No DAC 2mg + Ipamorelin 2mg + BPC-157 5mg vial,CJC-1295 No DAC + Ipamorelin + BPC-157,lyophilized_powder,vial,2.0 + 2.0 + 5.0,mg + mg + mg,,,injectable,GH Secretagogues,EUR,150.00,1.1530,2026-08-03,172.95,USD,172.95,FALSE,TRUE,1,
NP LABS,supplier-np-labs,,mp-cjc-1295-no-dac-3mg-plus-ipamorelin-3mg-plus-sermorelin-6mg-vial,np-labs-cjc-1295-no-dac-3mg-plus-ipamorelin-3mg-plus-sermorelin-6mg-vial-vial,CJC-1295 No DAC 3mg + Ipamorelin 3mg + Sermorelin 6mg vial,CJC-1295 No DAC + Ipamorelin + Sermorelin,lyophilized_powder,vial,3.0 + 3.0 + 6.0,mg + mg + mg,,,injectable,GH Secretagogues,EUR,180.00,1.1530,2026-08-03,207.54,USD,207.54,FALSE,TRUE,1,
NP LABS,supplier-np-labs,,mp-tesamorelin-5mg-vial,np-labs-tesamorelin-5mg-vial-vial,Tesamorelin 5mg vial,Tesamorelin,lyophilized_powder,vial,5.0,mg,,,injectable,GH Secretagogues,EUR,80.00,1.1530,2026-08-03,92.24,USD,92.24,FALSE,TRUE,1,
NP LABS,supplier-np-labs,,mp-tesamorelin-20mg-plus-ipamorelin-10mg-vial,np-labs-tesamorelin-20mg-plus-ipamorelin-10mg-vial-vial,Tesamorelin 20mg + Ipamorelin 10mg vial,Tesamorelin + Ipamorelin,lyophilized_powder,vial,20.0 + 10.0,mg + mg,,,injectable,GH Secretagogues,EUR,220.00,1.1530,2026-08-03,253.66,USD,253.66,FALSE,TRUE,1,
NP LABS,supplier-np-labs,,mp-semaglutide-2mg-vial,np-labs-semaglutide-2mg-vial-vial,Semaglutide 2mg vial,Semaglutide,lyophilized_powder,vial,2.0,mg,,,injectable,Weight Management,EUR,70.00,1.1530,2026-08-03,80.71,USD,80.71,FALSE,TRUE,1,
NP LABS,supplier-np-labs,,mp-semaglutide-5mg-vial,np-labs-semaglutide-5mg-vial-vial,Semaglutide 5mg vial,Semaglutide,lyophilized_powder,vial,5.0,mg,,,injectable,Weight Management,EUR,100.00,1.1530,2026-08-03,115.30,USD,115.30,FALSE,TRUE,1,
NP LABS,supplier-np-labs,,mp-semaglutide-20mg-vial-10ml,np-labs-semaglutide-20mg-vial-10ml-vial,Semaglutide 20mg vial (10ml),Semaglutide,injectable_solution,vial,20.0,mg,10ml,,injectable,Weight Management,EUR,250.00,1.1530,2026-08-03,288.25,USD,288.25,FALSE,TRUE,1,
NP LABS,supplier-np-labs,,mp-tirzepatide-5mg-vial,np-labs-tirzepatide-5mg-vial-vial,Tirzepatide 5mg vial,Tirzepatide,lyophilized_powder,vial,5.0,mg,,,injectable,Weight Management,EUR,120.00,1.1530,2026-08-03,138.36,USD,138.36,FALSE,TRUE,1,
NP LABS,supplier-np-labs,,mp-tirzepatide-20mg-vial,np-labs-tirzepatide-20mg-vial-vial,Tirzepatide 20mg vial,Tirzepatide,lyophilized_powder,vial,20.0,mg,,,injectable,Weight Management,EUR,200.00,1.1530,2026-08-03,230.60,USD,230.60,FALSE,TRUE,1,
NP LABS,supplier-np-labs,,mp-tirzepatide-40mg-vial,np-labs-tirzepatide-40mg-vial-vial,Tirzepatide 40mg vial,Tirzepatide,lyophilized_powder,vial,40.0,mg,,,injectable,Weight Management,EUR,260.00,1.1530,2026-08-03,299.78,USD,299.78,FALSE,TRUE,1,
NP LABS,supplier-np-labs,,mp-tirzepatide-60mg-vial,np-labs-tirzepatide-60mg-vial-vial,Tirzepatide 60mg vial,Tirzepatide,lyophilized_powder,vial,60.0,mg,,,injectable,Weight Management,EUR,350.00,1.1530,2026-08-03,403.55,USD,403.55,FALSE,TRUE,1,
NP LABS,supplier-np-labs,,mp-retatrutide-5mg-vial,np-labs-retatrutide-5mg-vial-vial,Retatrutide 5mg vial,Retatrutide,lyophilized_powder,vial,5.0,mg,,,injectable,Weight Management,EUR,100.00,1.1530,2026-08-03,115.30,USD,115.30,FALSE,TRUE,1,
NP LABS,supplier-np-labs,,mp-retatrutide-12mg-vial,np-labs-retatrutide-12mg-vial-vial,Retatrutide 12mg vial,Retatrutide,lyophilized_powder,vial,12.0,mg,,,injectable,Weight Management,EUR,150.00,1.1530,2026-08-03,172.95,USD,172.95,FALSE,TRUE,1,
NP LABS,supplier-np-labs,,mp-retatrutide-24mg-vial,np-labs-retatrutide-24mg-vial-vial,Retatrutide 24mg vial,Retatrutide,lyophilized_powder,vial,24.0,mg,,,injectable,Weight Management,EUR,200.00,1.1530,2026-08-03,230.60,USD,230.60,FALSE,TRUE,1,
NP LABS,supplier-np-labs,,mp-retatrutide-50mg-vial-10ml,np-labs-retatrutide-50mg-vial-10ml-vial,Retatrutide 50mg vial (10ml),Retatrutide,injectable_solution,vial,50.0,mg,10ml,,injectable,Weight Management,EUR,300.00,1.1530,2026-08-03,345.90,USD,345.90,FALSE,TRUE,1,
NP LABS,supplier-np-labs,,mp-retatrutide-60mg-vial-10ml,np-labs-retatrutide-60mg-vial-10ml-vial,Retatrutide 60mg vial (10ml),Retatrutide,injectable_solution,vial,60.0,mg,10ml,,injectable,Weight Management,EUR,350.00,1.1530,2026-08-03,403.55,USD,403.55,FALSE,TRUE,1,
NP LABS,supplier-np-labs,,mp-cagrilintide-5mg-vial,np-labs-cagrilintide-5mg-vial-vial,Cagrilintide 5mg vial,Cagrilintide,lyophilized_powder,vial,5.0,mg,,,injectable,Weight Management,EUR,120.00,1.1530,2026-08-03,138.36,USD,138.36,FALSE,TRUE,1,
NP LABS,supplier-np-labs,,mp-cagrilintide-5mg-plus-semaglutide-5mg-vial,np-labs-cagrilintide-5mg-plus-semaglutide-5mg-vial-vial,Cagrilintide 5mg + Semaglutide 5mg vial,Cagrilintide + Semaglutide,lyophilized_powder,vial,5.0 + 5.0,mg + mg,,,injectable,Weight Management,EUR,180.00,1.1530,2026-08-03,207.54,USD,207.54,FALSE,TRUE,1,
NP LABS,supplier-np-labs,,mp-aod-9604-5mg-vial,np-labs-aod-9604-5mg-vial-vial,AOD-9604 5mg vial,AOD-9604,lyophilized_powder,vial,5.0,mg,,,injectable,Weight Management,EUR,50.00,1.1530,2026-08-03,57.65,USD,57.65,FALSE,TRUE,1,
NP LABS,supplier-np-labs,,mp-5-amino-1mq-10mg-vial,np-labs-5-amino-1mq-10mg-vial-vial,5-Amino-1MQ 10mg vial,5-Amino-1MQ,lyophilized_powder,vial,10.0,mg,,,injectable,Weight Management,EUR,50.00,1.1530,2026-08-03,57.65,USD,57.65,FALSE,TRUE,1,
NP LABS,supplier-np-labs,,mp-bpc-157-5mg-vial,np-labs-bpc-157-5mg-vial-vial,BPC-157 5mg vial,BPC-157,lyophilized_powder,vial,5.0,mg,,,injectable,Healing & Recovery,EUR,60.00,1.1530,2026-08-03,69.18,USD,69.18,FALSE,TRUE,2,
NP LABS,supplier-np-labs,,mp-bpc-157-10mg-vial,np-labs-bpc-157-10mg-vial-vial,BPC-157 10mg vial,BPC-157,lyophilized_powder,vial,10.0,mg,,,injectable,Healing & Recovery,EUR,90.00,1.1530,2026-08-03,103.77,USD,103.77,FALSE,TRUE,2,
NP LABS,supplier-np-labs,,mp-bpc-157-25mg-vial,np-labs-bpc-157-25mg-vial-vial,BPC-157 25mg vial,BPC-157,lyophilized_powder,vial,25.0,mg,,,injectable,Healing & Recovery,EUR,120.00,1.1530,2026-08-03,138.36,USD,138.36,FALSE,TRUE,2,
NP LABS,supplier-np-labs,,mp-bpc-157-10mg-plus-tb-500-10mg-vial,np-labs-bpc-157-10mg-plus-tb-500-10mg-vial-vial,BPC-157 10mg + TB-500 10mg vial,BPC-157 + TB-500,lyophilized_powder,vial,10.0 + 10.0,mg + mg,,,injectable,Healing & Recovery,EUR,150.00,1.1530,2026-08-03,172.95,USD,172.95,FALSE,TRUE,2,
NP LABS,supplier-np-labs,,mp-bpc-157-10mg-plus-tb-500-10mg-plus-ghk-cu-50mg-vial,np-labs-bpc-157-10mg-plus-tb-500-10mg-plus-ghk-cu-50mg-vial-vial,BPC-157 10mg + TB-500 10mg + GHK-Cu 50mg vial,BPC-157 + TB-500 + GHK-Cu,lyophilized_powder,vial,10.0 + 10.0 + 50.0,mg + mg + mg,,,injectable,Healing & Recovery,EUR,200.00,1.1530,2026-08-03,230.60,USD,230.60,FALSE,TRUE,2,
NP LABS,supplier-np-labs,,mp-bpc-157-10mg-plus-tb-500-10mg-plus-ghk-cu-50mg-plus-kpv-10mg-vial,np-labs-bpc-157-10mg-plus-tb-500-10mg-plus-ghk-cu-50mg-plus-kpv-10mg-vial-vial,BPC-157 10mg + TB-500 10mg + GHK-Cu 50mg + KPV 10mg vial,BPC-157 + TB-500 + GHK-Cu + KPV,lyophilized_powder,vial,10.0 + 10.0 + 50.0 + 10.0,mg + mg + mg + mg,,,injectable,Healing & Recovery,EUR,230.00,1.1530,2026-08-03,265.19,USD,265.19,FALSE,TRUE,2,
NP LABS,supplier-np-labs,,mp-bpc-157-3-5mg-plus-semaglutide-30mg-vial,np-labs-bpc-157-3-5mg-plus-semaglutide-30mg-vial-vial,BPC-157 3.5mg + Semaglutide 30mg vial,BPC-157 + Semaglutide,lyophilized_powder,vial,3.5 + 30.0,mg + mg,,,injectable,Healing & Recovery,EUR,280.00,1.1530,2026-08-03,322.84,USD,322.84,FALSE,TRUE,2,
NP LABS,supplier-np-labs,,mp-thymosin-beta-tb-500-5mg-vial,np-labs-thymosin-beta-tb-500-5mg-vial-vial,Thymosin Beta (TB-500) 5mg vial,TB-500,lyophilized_powder,vial,5.0,mg,,,injectable,Healing & Recovery,EUR,60.00,1.1530,2026-08-03,69.18,USD,69.18,FALSE,TRUE,2,
NP LABS,supplier-np-labs,,mp-thymosin-beta-tb-500-20mg-vial,np-labs-thymosin-beta-tb-500-20mg-vial-vial,Thymosin Beta (TB-500) 20mg vial,TB-500,lyophilized_powder,vial,20.0,mg,,,injectable,Healing & Recovery,EUR,120.00,1.1530,2026-08-03,138.36,USD,138.36,FALSE,TRUE,2,
NP LABS,supplier-np-labs,,mp-kpv-5mg-vial,np-labs-kpv-5mg-vial-vial,KPV 5mg vial,KPV,lyophilized_powder,vial,5.0,mg,,,injectable,Healing & Recovery,EUR,30.00,1.1530,2026-08-03,34.59,USD,34.59,FALSE,TRUE,2,
NP LABS,supplier-np-labs,,mp-kpv-10mg-vial,np-labs-kpv-10mg-vial-vial,KPV 10mg vial,KPV,lyophilized_powder,vial,10.0,mg,,,injectable,Healing & Recovery,EUR,50.00,1.1530,2026-08-03,57.65,USD,57.65,FALSE,TRUE,2,
NP LABS,supplier-np-labs,,mp-ss-31-elamipretide-5mg-vial,np-labs-ss-31-elamipretide-5mg-vial-vial,SS-31 (Elamipretide) 5mg vial,SS-31 (Elamipretide),lyophilized_powder,vial,5.0,mg,,,injectable,Healing & Recovery,EUR,25.00,1.1530,2026-08-03,28.82,USD,28.82,FALSE,TRUE,2,
NP LABS,supplier-np-labs,,mp-ss-31-elamipretide-10mg-vial,np-labs-ss-31-elamipretide-10mg-vial-vial,SS-31 (Elamipretide) 10mg vial,SS-31 (Elamipretide),lyophilized_powder,vial,10.0,mg,,,injectable,Healing & Recovery,EUR,50.00,1.1530,2026-08-03,57.65,USD,57.65,FALSE,TRUE,2,
NP LABS,supplier-np-labs,,mp-ss-31-elamipretide-50mg-vial,np-labs-ss-31-elamipretide-50mg-vial-vial,SS-31 (Elamipretide) 50mg vial,SS-31 (Elamipretide),lyophilized_powder,vial,50.0,mg,,,injectable,Healing & Recovery,EUR,250.00,1.1530,2026-08-03,288.25,USD,288.25,FALSE,TRUE,2,
NP LABS,supplier-np-labs,,mp-ghk-cu-10mg-vial,np-labs-ghk-cu-10mg-vial-vial,GHK-Cu 10mg vial,GHK-Cu,lyophilized_powder,vial,10.0,mg,,,injectable,Healing & Recovery,EUR,30.00,1.1530,2026-08-03,34.59,USD,34.59,FALSE,TRUE,2,
NP LABS,supplier-np-labs,,mp-ghk-cu-30mg-vial,np-labs-ghk-cu-30mg-vial-vial,GHK-Cu 30mg vial,GHK-Cu,lyophilized_powder,vial,30.0,mg,,,injectable,Healing & Recovery,EUR,40.00,1.1530,2026-08-03,46.12,USD,46.12,FALSE,TRUE,2,
NP LABS,supplier-np-labs,,mp-ghk-cu-50mg-vial,np-labs-ghk-cu-50mg-vial-vial,GHK-Cu 50mg vial,GHK-Cu,lyophilized_powder,vial,50.0,mg,,,injectable,Healing & Recovery,EUR,50.00,1.1530,2026-08-03,57.65,USD,57.65,FALSE,TRUE,2,
NP LABS,supplier-np-labs,,mp-epithalon-50mg-vial,np-labs-epithalon-50mg-vial-vial,Epithalon 50mg vial,Epithalon,lyophilized_powder,vial,50.0,mg,,,injectable,Longevity & Anti-Aging,EUR,60.00,1.1530,2026-08-03,69.18,USD,69.18,FALSE,TRUE,3,
NP LABS,supplier-np-labs,,mp-thymalin-5mg-vial,np-labs-thymalin-5mg-vial-vial,Thymalin 5mg vial,Thymalin,lyophilized_powder,vial,5.0,mg,,,injectable,Longevity & Anti-Aging,EUR,50.00,1.1530,2026-08-03,57.65,USD,57.65,FALSE,TRUE,3,
NP LABS,supplier-np-labs,,mp-thymogen-5mg-vial,np-labs-thymogen-5mg-vial-vial,Thymogen 5mg vial,Thymogen,lyophilized_powder,vial,5.0,mg,,,injectable,Longevity & Anti-Aging,EUR,60.00,1.1530,2026-08-03,69.18,USD,69.18,FALSE,TRUE,3,
NP LABS,supplier-np-labs,,mp-thymosin-alpha-1-5mg-vial,np-labs-thymosin-alpha-1-5mg-vial-vial,Thymosin Alpha 1 5mg vial,Thymosin Alpha 1,lyophilized_powder,vial,5.0,mg,,,injectable,Longevity & Anti-Aging,EUR,80.00,1.1530,2026-08-03,92.24,USD,92.24,FALSE,TRUE,3,
NP LABS,supplier-np-labs,,mp-thymosin-alpha-1-10mg-vial,np-labs-thymosin-alpha-1-10mg-vial-vial,Thymosin Alpha 1 10mg vial,Thymosin Alpha 1,lyophilized_powder,vial,10.0,mg,,,injectable,Longevity & Anti-Aging,EUR,120.00,1.1530,2026-08-03,138.36,USD,138.36,FALSE,TRUE,3,
NP LABS,supplier-np-labs,,mp-mots-c-5mg-vial,np-labs-mots-c-5mg-vial-vial,MOTS-C 5mg vial,MOTS-C,lyophilized_powder,vial,5.0,mg,,,injectable,Longevity & Anti-Aging,EUR,50.00,1.1530,2026-08-03,57.65,USD,57.65,FALSE,TRUE,3,
NP LABS,supplier-np-labs,,mp-mots-c-10mg-vial,np-labs-mots-c-10mg-vial-vial,MOTS-C 10mg vial,MOTS-C,lyophilized_powder,vial,10.0,mg,,,injectable,Longevity & Anti-Aging,EUR,80.00,1.1530,2026-08-03,92.24,USD,92.24,FALSE,TRUE,3,
NP LABS,supplier-np-labs,,mp-mots-c-20mg-vial,np-labs-mots-c-20mg-vial-vial,MOTS-C 20mg vial,MOTS-C,lyophilized_powder,vial,20.0,mg,,,injectable,Longevity & Anti-Aging,EUR,120.00,1.1530,2026-08-03,138.36,USD,138.36,FALSE,TRUE,3,
NP LABS,supplier-np-labs,,mp-mots-c-50mg-vial,np-labs-mots-c-50mg-vial-vial,MOTS-C 50mg vial,MOTS-C,lyophilized_powder,vial,50.0,mg,,,injectable,Longevity & Anti-Aging,EUR,150.00,1.1530,2026-08-03,172.95,USD,172.95,FALSE,TRUE,3,
NP LABS,supplier-np-labs,,mp-spermidine-20mg-injectable-vial,np-labs-spermidine-20mg-injectable-vial-vial,Spermidine 20mg injectable vial,Spermidine,lyophilized_powder,vial,20.0,mg,,,injectable,Longevity & Anti-Aging,EUR,40.00,1.1530,2026-08-03,46.12,USD,46.12,FALSE,TRUE,3,
NP LABS,supplier-np-labs,,mp-dsip-5mg-vial,np-labs-dsip-5mg-vial-vial,DSIP 5mg vial,DSIP,lyophilized_powder,vial,5.0,mg,,,injectable,Longevity & Anti-Aging,EUR,50.00,1.1530,2026-08-03,57.65,USD,57.65,FALSE,TRUE,3,
NP LABS,supplier-np-labs,,mp-follistatin-344-1mg-vial,np-labs-follistatin-344-1mg-vial-vial,Follistatin 344 1mg vial,Follistatin 344,lyophilized_powder,vial,1.0,mg,,,injectable,Longevity & Anti-Aging,EUR,180.00,1.1530,2026-08-03,207.54,USD,207.54,FALSE,TRUE,3,
NP LABS,supplier-np-labs,,mp-igf-1-lr3-1mg-vial,np-labs-igf-1-lr3-1mg-vial-vial,IGF-1 LR3 1mg vial,IGF-1 LR3,lyophilized_powder,vial,1.0,mg,,,injectable,Longevity & Anti-Aging,EUR,120.00,1.1530,2026-08-03,138.36,USD,138.36,FALSE,TRUE,3,
NP LABS,supplier-np-labs,,mp-vip-vasoactive-intestinal-peptide-10mg-vial,np-labs-vip-vasoactive-intestinal-peptide-10mg-vial-vial,VIP (Vasoactive Intestinal Peptide) 10mg vial,VIP,lyophilized_powder,vial,10.0,mg,,,injectable,Longevity & Anti-Aging,EUR,120.00,1.1530,2026-08-03,138.36,USD,138.36,FALSE,TRUE,3,
NP LABS,supplier-np-labs,,mp-semax-5mg-vial,np-labs-semax-5mg-vial-vial,Semax 5mg vial,Semax,lyophilized_powder,vial,5.0,mg,,,injectable,Cognitive & Mood,EUR,50.00,1.1530,2026-08-03,57.65,USD,57.65,FALSE,TRUE,3,
NP LABS,supplier-np-labs,,mp-selank-5mg-vial,np-labs-selank-5mg-vial-vial,Selank 5mg vial,Selank,lyophilized_powder,vial,5.0,mg,,,injectable,Cognitive & Mood,EUR,50.00,1.1530,2026-08-03,57.65,USD,57.65,FALSE,TRUE,3,
NP LABS,supplier-np-labs,,mp-selank-5mg-plus-semax-5mg-vial,np-labs-selank-5mg-plus-semax-5mg-vial-vial,Selank 5mg + Semax 5mg vial,Selank + Semax,lyophilized_powder,vial,5.0 + 5.0,mg + mg,,,injectable,Cognitive & Mood,EUR,80.00,1.1530,2026-08-03,92.24,USD,92.24,FALSE,TRUE,3,
NP LABS,supplier-np-labs,,mp-dihexa-5mg-capsules-x30,np-labs-dihexa-5mg-capsules-x30-capsule-pack,Dihexa 5mg capsules x30,Dihexa,oral_capsule,capsule_pack,5.0,mg,,30,oral,Cognitive & Mood,EUR,80.00,1.1530,2026-08-03,92.24,USD,92.24,FALSE,TRUE,3,
NP LABS,supplier-np-labs,,mp-dihexa-10mg-capsules-x30,np-labs-dihexa-10mg-capsules-x30-capsule-pack,Dihexa 10mg capsules x30,Dihexa,oral_capsule,capsule_pack,10.0,mg,,30,oral,Cognitive & Mood,EUR,120.00,1.1530,2026-08-03,138.36,USD,138.36,FALSE,TRUE,3,
NP LABS,supplier-np-labs,,mp-dihexa-30mg-capsules-x30,np-labs-dihexa-30mg-capsules-x30-capsule-pack,Dihexa 30mg capsules x30,Dihexa,oral_capsule,capsule_pack,30.0,mg,,30,oral,Cognitive & Mood,EUR,180.00,1.1530,2026-08-03,207.54,USD,207.54,FALSE,TRUE,3,
NP LABS,supplier-np-labs,,mp-cerebrolysin-100mg-capsules-x30,np-labs-cerebrolysin-100mg-capsules-x30-capsule-pack,Cerebrolysin 100mg capsules x30,Cerebrolysin,oral_capsule,capsule_pack,100.0,mg,,30,oral,Cognitive & Mood,EUR,45.00,1.1530,2026-08-03,51.88,USD,51.88,FALSE,TRUE,3,
NP LABS,supplier-np-labs,,mp-pt-141-10mg-vial,np-labs-pt-141-10mg-vial-vial,PT-141 10mg vial,PT-141,lyophilized_powder,vial,10.0,mg,,,injectable,Sexual Health,EUR,50.00,1.1530,2026-08-03,57.65,USD,57.65,FALSE,TRUE,3,
NP LABS,supplier-np-labs,,mp-kisspeptin-10-5mg-vial,np-labs-kisspeptin-10-5mg-vial-vial,Kisspeptin-10 5mg vial,Kisspeptin-10,lyophilized_powder,vial,5.0,mg,,,injectable,Sexual Health,EUR,50.00,1.1530,2026-08-03,57.65,USD,57.65,FALSE,TRUE,3,
NP LABS,supplier-np-labs,,mp-oxytocin-5mg-vial,np-labs-oxytocin-5mg-vial-vial,Oxytocin 5mg vial,Oxytocin,lyophilized_powder,vial,5.0,mg,,,injectable,Sexual Health,EUR,25.00,1.1530,2026-08-03,28.82,USD,28.82,FALSE,TRUE,3,
NP LABS,supplier-np-labs,,mp-melanotan-i-10mg-vial,np-labs-melanotan-i-10mg-vial-vial,Melanotan I 10mg vial,Melanotan I,lyophilized_powder,vial,10.0,mg,,,injectable,Sexual Health,EUR,80.00,1.1530,2026-08-03,92.24,USD,92.24,FALSE,TRUE,3,
NP LABS,supplier-np-labs,,mp-melanotan-ii-10mg-vial,np-labs-melanotan-ii-10mg-vial-vial,Melanotan II 10mg vial,Melanotan II,lyophilized_powder,vial,10.0,mg,,,injectable,Sexual Health,EUR,88.00,1.1530,2026-08-03,101.46,USD,101.46,FALSE,TRUE,3,
NP LABS,supplier-np-labs,,mp-hcg-2000-iu-vial,np-labs-hcg-2000-iu-vial-vial,HCG 2000 IU vial,HCG,lyophilized_powder,vial,2000.0,IU,,,injectable,Other / Fertility,EUR,20.00,1.1530,2026-08-03,23.06,USD,23.06,FALSE,TRUE,4,
NP LABS,supplier-np-labs,,mp-hcg-5000-iu-vial,np-labs-hcg-5000-iu-vial-vial,HCG 5000 IU vial,HCG,lyophilized_powder,vial,5000.0,IU,,,injectable,Other / Fertility,EUR,40.00,1.1530,2026-08-03,46.12,USD,46.12,FALSE,TRUE,4,
NP LABS,supplier-np-labs,,mp-hmg-75-iu-vial,np-labs-hmg-75-iu-vial-vial,HMG 75 IU vial,HMG,lyophilized_powder,vial,75.0,IU,,,injectable,Other / Fertility,EUR,20.00,1.1530,2026-08-03,23.06,USD,23.06,FALSE,TRUE,4,
NP LABS,supplier-np-labs,,mp-hgh-36-iu-3ml-vial,np-labs-hgh-36-iu-3ml-vial-vial,HGH 36 IU / 3ml vial,HGH,injectable_solution,vial,36.0,IU,3ml,,injectable,Other / Fertility,EUR,100.00,1.1530,2026-08-03,115.30,USD,115.30,FALSE,TRUE,4,
NP LABS,supplier-np-labs,,mp-bacteriostatic-water-10ml,np-labs-bacteriostatic-water-10ml-vial,Bacteriostatic Water 10ml,Benzyl Alcohol,diluent_solution,vial,0.9,%,10ml,,injectable,Other / Fertility,EUR,5.00,1.1530,2026-08-03,5.77,USD,5.77,FALSE,TRUE,4,Bacteriostatic Water containing 0.9% Benzyl Alcohol
NP LABS,supplier-np-labs,,mp-sermorelin-15mg-15ml-nasal-spray,np-labs-sermorelin-15mg-15ml-nasal-spray-nasal-bottle,Sermorelin 15mg - 15ml nasal spray,Sermorelin,nasal_spray,nasal_bottle,15.0,mg,15ml,,nasal,Nasal Sprays,EUR,50.00,1.1530,2026-08-03,57.65,USD,57.65,FALSE,TRUE,4,
NP LABS,supplier-np-labs,,mp-ipamorelin-15mg-15ml-nasal-spray,np-labs-ipamorelin-15mg-15ml-nasal-spray-nasal-bottle,Ipamorelin 15mg - 15ml nasal spray,Ipamorelin,nasal_spray,nasal_bottle,15.0,mg,15ml,,nasal,Nasal Sprays,EUR,50.00,1.1530,2026-08-03,57.65,USD,57.65,FALSE,TRUE,4,
NP LABS,supplier-np-labs,,mp-tesamorelin-15mg-15ml-nasal-spray,np-labs-tesamorelin-15mg-15ml-nasal-spray-nasal-bottle,Tesamorelin 15mg - 15ml nasal spray,Tesamorelin,nasal_spray,nasal_bottle,15.0,mg,15ml,,nasal,Nasal Sprays,EUR,50.00,1.1530,2026-08-03,57.65,USD,57.65,FALSE,TRUE,4,
NP LABS,supplier-np-labs,,mp-selank-7500mcg-ml-15ml-nasal-spray,np-labs-selank-7500mcg-ml-15ml-nasal-spray-nasal-bottle,Selank 7500mcg/ml - 15ml nasal spray,Selank,nasal_spray,nasal_bottle,7500.0,mcg/ml,15ml,,nasal,Nasal Sprays,EUR,55.00,1.1530,2026-08-03,63.41,USD,63.41,FALSE,TRUE,4,
NP LABS,supplier-np-labs,,mp-semax-7500mcg-ml-15ml-nasal-spray,np-labs-semax-7500mcg-ml-15ml-nasal-spray-nasal-bottle,Semax 7500mcg/ml - 15ml nasal spray,Semax,nasal_spray,nasal_bottle,7500.0,mcg/ml,15ml,,nasal,Nasal Sprays,EUR,50.00,1.1530,2026-08-03,57.65,USD,57.65,FALSE,TRUE,4,
NP LABS,supplier-np-labs,,mp-kpv-250mcg-ml-15ml-nasal-spray,np-labs-kpv-250mcg-ml-15ml-nasal-spray-nasal-bottle,KPV 250mcg/ml - 15ml nasal spray,KPV,nasal_spray,nasal_bottle,250.0,mcg/ml,15ml,,nasal,Nasal Sprays,EUR,60.00,1.1530,2026-08-03,69.18,USD,69.18,FALSE,TRUE,4,
NP LABS,supplier-np-labs,,mp-thymosin-alpha-1-5mg-15ml-nasal-spray,np-labs-thymosin-alpha-1-5mg-15ml-nasal-spray-nasal-bottle,Thymosin Alpha 1 5mg - 15ml nasal spray,Thymosin Alpha 1,nasal_spray,nasal_bottle,5.0,mg,15ml,,nasal,Nasal Sprays,EUR,50.00,1.1530,2026-08-03,57.65,USD,57.65,FALSE,TRUE,4,
NP LABS,supplier-np-labs,,mp-pt-141-20mg-15ml-nasal-spray,np-labs-pt-141-20mg-15ml-nasal-spray-nasal-bottle,PT-141 20mg - 15ml nasal spray,PT-141,nasal_spray,nasal_bottle,20.0,mg,15ml,,nasal,Nasal Sprays,EUR,80.00,1.1530,2026-08-03,92.24,USD,92.24,FALSE,TRUE,4,
NP LABS,supplier-np-labs,,mp-melanotan-ii-2000mcg-ml-15ml-nasal-spray,np-labs-melanotan-ii-2000mcg-ml-15ml-nasal-spray-nasal-bottle,Melanotan II 2000mcg/ml - 15ml nasal spray,Melanotan II,nasal_spray,nasal_bottle,2000.0,mcg/ml,15ml,,nasal,Nasal Sprays,EUR,88.00,1.1530,2026-08-03,101.46,USD,101.46,FALSE,TRUE,4,
NP LABS,supplier-np-labs,,mp-oxytocin-50iu-ml-15ml-nasal-spray,np-labs-oxytocin-50iu-ml-15ml-nasal-spray-nasal-bottle,Oxytocin 50iu/ml - 15ml nasal spray,Oxytocin,nasal_spray,nasal_bottle,50.0,IU/ml,15ml,,nasal,Nasal Sprays,EUR,40.00,1.1530,2026-08-03,46.12,USD,46.12,FALSE,TRUE,4,
NP LABS,supplier-np-labs,,mp-thymosin-beta-tb-500-2mg-15ml-nasal-spray,np-labs-thymosin-beta-tb-500-2mg-15ml-nasal-spray-nasal-bottle,Thymosin Beta (TB-500) 2mg - 15ml nasal spray,TB-500,nasal_spray,nasal_bottle,2.0,mg,15ml,,nasal,Nasal Sprays,EUR,60.00,1.1530,2026-08-03,69.18,USD,69.18,FALSE,TRUE,4,
NP LABS,supplier-np-labs,,mp-sermorelin-30mg-30ml-drops,np-labs-sermorelin-30mg-30ml-drops-dropper-bottle,Sermorelin 30mg - 30ml drops,Sermorelin,sublingual_drops,dropper_bottle,30.0,mg,30ml,,sublingual,Sublingual Drops,EUR,93.50,1.1530,2026-08-03,107.81,USD,107.81,FALSE,TRUE,4,
NP LABS,supplier-np-labs,,mp-ipamorelin-30mg-30ml-drops,np-labs-ipamorelin-30mg-30ml-drops-dropper-bottle,Ipamorelin 30mg - 30ml drops,Ipamorelin,sublingual_drops,dropper_bottle,30.0,mg,30ml,,sublingual,Sublingual Drops,EUR,90.00,1.1530,2026-08-03,103.77,USD,103.77,FALSE,TRUE,4,
NP LABS,supplier-np-labs,,mp-tesamorelin-30mg-30ml-drops,np-labs-tesamorelin-30mg-30ml-drops-dropper-bottle,Tesamorelin 30mg - 30ml drops,Tesamorelin,sublingual_drops,dropper_bottle,30.0,mg,30ml,,sublingual,Sublingual Drops,EUR,90.00,1.1530,2026-08-03,103.77,USD,103.77,FALSE,TRUE,4,
NP LABS,supplier-np-labs,,mp-selank-7500mcg-ml-30ml-drops,np-labs-selank-7500mcg-ml-30ml-drops-dropper-bottle,Selank 7500mcg/ml - 30ml drops,Selank,sublingual_drops,dropper_bottle,7500.0,mcg/ml,30ml,,sublingual,Sublingual Drops,EUR,88.00,1.1530,2026-08-03,101.46,USD,101.46,FALSE,TRUE,4,
NP LABS,supplier-np-labs,,mp-dsip-1000mcg-ml-30ml-drops,np-labs-dsip-1000mcg-ml-30ml-drops-dropper-bottle,DSIP 1000mcg/ml - 30ml drops,DSIP,sublingual_drops,dropper_bottle,1000.0,mcg/ml,30ml,,sublingual,Sublingual Drops,EUR,66.00,1.1530,2026-08-03,76.10,USD,76.10,FALSE,TRUE,4,
NP LABS,supplier-np-labs,,mp-thymosin-alpha-1-1-5mg-ml-30ml-drops,np-labs-thymosin-alpha-1-1-5mg-ml-30ml-drops-dropper-bottle,Thymosin Alpha 1 1.5mg/ml - 30ml drops,Thymosin Alpha 1,sublingual_drops,dropper_bottle,1.5,mg/ml,30ml,,sublingual,Sublingual Drops,EUR,132.00,1.1530,2026-08-03,152.20,USD,152.20,FALSE,TRUE,4,
NP LABS,supplier-np-labs,,mp-thymosin-alpha-1-600mcg-ml-30ml-drops,np-labs-thymosin-alpha-1-600mcg-ml-30ml-drops-dropper-bottle,Thymosin Alpha 1 600mcg/ml - 30ml drops,Thymosin Alpha 1,sublingual_drops,dropper_bottle,600.0,mcg/ml,30ml,,sublingual,Sublingual Drops,EUR,88.00,1.1530,2026-08-03,101.46,USD,101.46,FALSE,TRUE,4,
NP LABS,supplier-np-labs,,mp-bpc-157-100mcg-capsules-x30,np-labs-bpc-157-100mcg-capsules-x30-capsule-pack,BPC-157 100mcg capsules x30,BPC-157,oral_capsule,capsule_pack,100.0,mcg,,30,oral,Capsules,EUR,30.00,1.1530,2026-08-03,34.59,USD,34.59,FALSE,TRUE,5,
NP LABS,supplier-np-labs,,mp-bpc-157-150mcg-capsules-x30,np-labs-bpc-157-150mcg-capsules-x30-capsule-pack,BPC-157 150mcg capsules x30,BPC-157,oral_capsule,capsule_pack,150.0,mcg,,30,oral,Capsules,EUR,36.00,1.1530,2026-08-03,41.51,USD,41.51,FALSE,TRUE,5,
NP LABS,supplier-np-labs,,mp-bpc-157-200mcg-capsules-x30,np-labs-bpc-157-200mcg-capsules-x30-capsule-pack,BPC-157 200mcg capsules x30,BPC-157,oral_capsule,capsule_pack,200.0,mcg,,30,oral,Capsules,EUR,44.00,1.1530,2026-08-03,50.73,USD,50.73,FALSE,TRUE,5,
NP LABS,supplier-np-labs,,mp-bpc-157-300mcg-capsules-x30,np-labs-bpc-157-300mcg-capsules-x30-capsule-pack,BPC-157 300mcg capsules x30,BPC-157,oral_capsule,capsule_pack,300.0,mcg,,30,oral,Capsules,EUR,66.00,1.1530,2026-08-03,76.10,USD,76.10,FALSE,TRUE,5,
NP LABS,supplier-np-labs,,mp-bpc-157-500mcg-capsules-x30,np-labs-bpc-157-500mcg-capsules-x30-capsule-pack,BPC-157 500mcg capsules x30,BPC-157,oral_capsule,capsule_pack,500.0,mcg,,30,oral,Capsules,EUR,88.00,1.1530,2026-08-03,101.46,USD,101.46,FALSE,TRUE,5,
NP LABS,supplier-np-labs,,mp-bpc-157-1000mcg-capsules-x30,np-labs-bpc-157-1000mcg-capsules-x30-capsule-pack,BPC-157 1000mcg capsules x30,BPC-157,oral_capsule,capsule_pack,1000.0,mcg,,30,oral,Capsules,EUR,150.00,1.1530,2026-08-03,172.95,USD,172.95,FALSE,TRUE,5,
NP LABS,supplier-np-labs,,mp-aod-9604-300mcg-capsules-x30,np-labs-aod-9604-300mcg-capsules-x30-capsule-pack,AOD-9604 300mcg capsules x30,AOD-9604,oral_capsule,capsule_pack,300.0,mcg,,30,oral,Capsules,EUR,30.00,1.1530,2026-08-03,34.59,USD,34.59,FALSE,TRUE,5,
NP LABS,supplier-np-labs,,mp-amlexanox-40mg-capsules-x30,np-labs-amlexanox-40mg-capsules-x30-capsule-pack,Amlexanox 40mg capsules x30,Amlexanox,oral_capsule,capsule_pack,40.0,mg,,30,oral,Capsules,EUR,33.00,1.1530,2026-08-03,38.05,USD,38.05,FALSE,TRUE,5,
NP LABS,supplier-np-labs,,mp-amlexanox-40mg-capsules-x90,np-labs-amlexanox-40mg-capsules-x90-capsule-pack,Amlexanox 40mg capsules x90,Amlexanox,oral_capsule,capsule_pack,40.0,mg,,90,oral,Capsules,EUR,88.00,1.1530,2026-08-03,101.46,USD,101.46,FALSE,TRUE,5,
NP LABS,supplier-np-labs,,mp-slu-pp-332-100mg-capsules-x30,np-labs-slu-pp-332-100mg-capsules-x30-capsule-pack,SLU-PP-332 100mg capsules x30,SLU-PP-332,oral_capsule,capsule_pack,100.0,mg,,30,oral,Capsules,EUR,150.00,1.1530,2026-08-03,172.95,USD,172.95,FALSE,TRUE,5,
